Feature,Importance
perimeter3,0.14416586196727368
area3,0.12932987001273333
concave_points1,0.10522602707295396
concave_points3,0.09572124604564193
radius3,0.07778110272798253
concavity1,0.06931396784172879
radius1,0.047119032254130264
area1,0.045136323545802465
perimeter1,0.04395189841969162
concavity3,0.04211971271642793
area2,0.028945174461421006
texture3,0.017786160797436747
compactness1,0.01748938598745012
compactness3,0.016557546017832082
radius2,0.013742107368474152
smoothness3,0.013115058279826647
texture1,0.013089027762371126
symmetry3,0.011402685081344989
perimeter2,0.008516582589363867
smoothness1,0.008310339142798884
concavity2,0.008264177416828953
fractal_dimension3,0.006223774046615113
symmetry1,0.005491119307858555
fractal_dimension2,0.005396556250424039
texture2,0.0053806950746099445
compactness2,0.005118715578180864
smoothness2,0.004223105782454506
concave_points2,0.004135075093350996
symmetry2,0.003515841904403975
fractal_dimension1,0.0034318294525870338
